id;report_name;report_password;report_notes;report_notes_content_type;file_check_sum;report_file;report_file_content_type;report_time_stamp;report_id;security_clearance_id;report_creator_id;organization_id;department_id;system_module_id;report_design_id;file_check_sum_algorithm_id
1;invoice Tennessee 3rd;panel Card;../fake-data/blob/hipster.png;image/png;../fake-data/blob/hipster.txt;../fake-data/blob/hipster.png;image/png;2022-06-28T22:57:24;3b18f2d2-6fdc-41c1-8e89-cb1b72cfe15c;1;1;1;1;1;1;1
2;Loan;Utah digital solutions;../fake-data/blob/hipster.png;image/png;../fake-data/blob/hipster.txt;../fake-data/blob/hipster.png;image/png;2022-06-28T20:02:12;64388832-b27e-43c7-9fa2-ac55f206c585;2;2;2;2;2;2;2
3;quantify;Springs Pizza;../fake-data/blob/hipster.png;image/png;../fake-data/blob/hipster.txt;../fake-data/blob/hipster.png;image/png;2022-06-29T08:22:31;d948b9e0-7938-42b1-8f0c-89d3e5fc19dd;3;2;3;3;3;3;3
4;synergistic Argentine driver;Dinar SMTP;../fake-data/blob/hipster.png;image/png;../fake-data/blob/hipster.txt;../fake-data/blob/hipster.png;image/png;2022-06-28T20:47:28;6edd60c4-a091-48c5-9a17-14338a028269;4;1;4;4;4;4;4
5;payment green Licensed;Parkways;../fake-data/blob/hipster.png;image/png;../fake-data/blob/hipster.txt;../fake-data/blob/hipster.png;image/png;2022-06-28T16:29:11;4cce4a25-977c-413c-8a03-44fa054628f1;5;2;5;5;5;5;5
6;1080p utilize transmitting;withdrawal analyzer Accountability;../fake-data/blob/hipster.png;image/png;../fake-data/blob/hipster.txt;../fake-data/blob/hipster.png;image/png;2022-06-28T21:55:57;f1f789fd-1f25-4b1f-b97e-b4393032422b;6;2;6;6;6;6;6
7;rich Tuna;deposit;../fake-data/blob/hipster.png;image/png;../fake-data/blob/hipster.txt;../fake-data/blob/hipster.png;image/png;2022-06-28T22:11:40;8722b8a1-6d15-4258-8d9d-bfbc4e86f5ae;7;1;7;7;7;7;7
8;invoice Bike;Analyst actuating digital;../fake-data/blob/hipster.png;image/png;../fake-data/blob/hipster.txt;../fake-data/blob/hipster.png;image/png;2022-06-29T13:42:18;c2c9a08d-c74f-4ee1-ad4d-9d469d7cb5ef;8;1;8;8;8;8;8
9;Bacon intelligence;International;../fake-data/blob/hipster.png;image/png;../fake-data/blob/hipster.txt;../fake-data/blob/hipster.png;image/png;2022-06-29T00:03:32;fb1e2cfc-a1f7-4fe7-9fe6-300cd550e77c;9;1;9;9;9;9;9
10;Quality parsing matrix;Handcrafted Slovenia De-engineered;../fake-data/blob/hipster.png;image/png;../fake-data/blob/hipster.txt;../fake-data/blob/hipster.png;image/png;2022-06-29T12:45:44;15b5037d-9d68-4f7d-ae94-605c1677b272;10;1;10;10;10;10;10
