id;report_name;time_of_requisition;file_checksum;tampered;filename;report_parameters;report_file;report_file_content_type
1;eyeballs channels Administrator;2024-04-29T18:15:55;monitor Wooden synergistic;false;ff6f6e87-6623-4d85-baf7-d5ba5d2f862c;encryption technologies invoice;../fake-data/blob/hipster.png;image/png
2;productivity;2024-04-30T05:03:24;Product;true;abd1a4a9-6c26-4369-b132-0fb10ae35abe;primary;../fake-data/blob/hipster.png;image/png
3;auxiliary Diverse Granite;2024-04-30T05:54:56;Shoes virtual;false;2a0ccc58-5b37-4943-8853-9ed3220bc4ef;recontextualize Vatu;../fake-data/blob/hipster.png;image/png
4;Quality-focused Ford Borders;2024-04-30T05:54:58;alarm cross-platform;true;46324f60-e0c1-4142-bc8d-a7d201d218d7;SMTP Consultant;../fake-data/blob/hipster.png;image/png
5;Senior Multi-lateral;2024-04-29T12:58:58;Fresh Regional Tuna;false;e1155b69-d835-425c-80f4-f067d97efd94;online green;../fake-data/blob/hipster.png;image/png
6;backing Licensed;2024-04-29T23:40:44;synthesize synthesizing panel;true;33b1032b-5d07-4957-a066-513c5f0d7c17;Automotive Bedfordshire;../fake-data/blob/hipster.png;image/png
7;frictionless Bacon;2024-04-30T01:42:13;Synergistic UIC-Franc Orchestrator;true;7d5dde38-e6e6-4d3f-89a0-49e983481843;convergence orange Future-proofed;../fake-data/blob/hipster.png;image/png
8;payment;2024-04-30T08:25:41;bi-directional Open-source territory;false;24e5c795-2cbf-4c42-a92d-31ac6740db4f;service-desk Handmade;../fake-data/blob/hipster.png;image/png
9;multi-byte integrate;2024-04-29T17:15:31;compressing Port Branding;false;b7002287-559c-4d6e-836c-a8d2267db35f;Kentucky innovate Mission;../fake-data/blob/hipster.png;image/png
10;indexing Bedfordshire optical;2024-04-30T10:35:38;e-tailers Account;false;41d60118-1e78-420b-9b66-4c127ffc31ee;Tuna;../fake-data/blob/hipster.png;image/png
