id;report_name;report_request_time;report_password;report_status;report_id;report_file_attachment;report_file_attachment_content_type;report_file_check_sum;report_notes;report_notes_content_type;report_template_id
1;payment Cotton Granite;2022-06-15T22:38:31;recontextualize monitor Response;SUCCESSFUL;9eb714b6-1621-4116-b073-b6a37cb985d4;../fake-data/blob/hipster.png;image/png;../fake-data/blob/hipster.txt;../fake-data/blob/hipster.png;image/png;1
2;Dollar Specialist;2022-06-16T06:35:01;Manat cross-media Gateway;SUCCESSFUL;e9e4ca66-e84a-447e-a693-778f5dcc4cf7;../fake-data/blob/hipster.png;image/png;../fake-data/blob/hipster.txt;../fake-data/blob/hipster.png;image/png;2
3;Planner Rubber Account;2022-06-15T11:28:45;Berkshire Metal;SUCCESSFUL;e65aea9b-e058-4f79-83d0-6b7ceebbcc83;../fake-data/blob/hipster.png;image/png;../fake-data/blob/hipster.txt;../fake-data/blob/hipster.png;image/png;3
4;Gorgeous;2022-06-15T17:20:54;Loan Polynesia;FAILED;f76811c2-a3f9-41b7-a0dc-baa67f9c4413;../fake-data/blob/hipster.png;image/png;../fake-data/blob/hipster.txt;../fake-data/blob/hipster.png;image/png;4
5;Metal Practical Phased;2022-06-15T20:59:42;enhance;SUCCESSFUL;5e329074-b702-4a67-91aa-45a1e79efeed;../fake-data/blob/hipster.png;image/png;../fake-data/blob/hipster.txt;../fake-data/blob/hipster.png;image/png;5
6;panel Rubber;2022-06-16T03:36:46;metrics azure gold;FAILED;c7738eb6-0f83-4739-928a-a7efc0f75050;../fake-data/blob/hipster.png;image/png;../fake-data/blob/hipster.txt;../fake-data/blob/hipster.png;image/png;6
7;Associate;2022-06-15T13:44:58;Account;FAILED;98be6a14-d6bb-4fc9-9154-3a9199c5b28f;../fake-data/blob/hipster.png;image/png;../fake-data/blob/hipster.txt;../fake-data/blob/hipster.png;image/png;7
8;Integration Ergonomic;2022-06-15T18:10:26;optical brand;FAILED;dac6ae65-e11c-4ed2-ba7b-12354a0da3bd;../fake-data/blob/hipster.png;image/png;../fake-data/blob/hipster.txt;../fake-data/blob/hipster.png;image/png;8
9;cross-platform user-facing;2022-06-16T06:27:04;olive Hat optical;FAILED;756dc062-5bcd-4a0b-b9dd-ceb08b5c9b50;../fake-data/blob/hipster.png;image/png;../fake-data/blob/hipster.txt;../fake-data/blob/hipster.png;image/png;9
10;Organic;2022-06-15T12:45:19;SwissX;GENERATING;8a28eedb-9a99-4f69-a9ab-2cd12bf779ed;../fake-data/blob/hipster.png;image/png;../fake-data/blob/hipster.txt;../fake-data/blob/hipster.png;image/png;10
